pkg_name,apkfile_name,apkfile_name_new,extract_manifest,manifest_permission,app_group,app_group_reason
app.groupcal.www,app.groupcal.www,app.groupcal.www,,"android.permission.READ_CONTACTS
android.permission.WRITE_CALENDAR
android.permission.READ_CALENDAR
android.permission.READ_SYNC_SETTINGS
android.permission.READ_SYNC_STATS
android.permission.RECEIVE_BOOT_COMPLETED
android.permission.INTERNET
android.permission.ACCESS_NETWORK_STATE
android.permission.READ_EXTERNAL_STORAGE
android.permission.WRITE_EXTERNAL_STORAGE
android.permission.USE_EXACT_ALARM
android.permission.FOREGROUND_SERVICE
android.permission.VIBRATE
android.permission.SCHEDULE_EXACT_ALARM
android.permission.ACCESS_COARSE_LOCATION
android.permission.ACCESS_FINE_LOCATION
android.permission.POST_NOTIFICATIONS
com.android.vending.BILLING
android.permission.WAKE_LOCK
com.google.android.c2dm.permission.RECEIVE
android.permission.USE_FINGERPRINT
android.permission.ACCESS_WIFI_STATE
com.google.android.finsky.permission.BIND_GET_INSTALL_REFERRER_SERVICE
android.permission.REORDER_TASKS
app.groupcal.www.DYNAMIC_RECEIVER_NOT_EXPORTED_PERMISSION
com.sec.android.provider.badge.permission.READ
com.sec.android.provider.badge.permission.WRITE
com.htc.launcher.permission.READ_SETTINGS
com.htc.launcher.permission.UPDATE_SHORTCUT
com.sonyericsson.home.permission.BROADCAST_BADGE
com.sonymobile.home.permission.PROVIDER_INSERT_BADGE
com.anddoes.launcher.permission.UPDATE_COUNT
com.majeur.launcher.permission.UPDATE_BADGE
com.huawei.android.launcher.permission.CHANGE_BADGE
com.huawei.android.launcher.permission.READ_SETTINGS
com.huawei.android.launcher.permission.WRITE_SETTINGS
android.permission.READ_APP_BADGE
com.oppo.launcher.permission.READ_SETTINGS
com.oppo.launcher.permission.WRITE_SETTINGS
me.everything.badger.permission.BADGE_COUNT_READ
me.everything.badger.permission.BADGE_COUNT_WRITE",,
apps.r.compass,apps.r.compass,apps.r.compass,,"android.permission.ACCESS_COARSE_LOCATION
android.permission.ACCESS_FINE_LOCATION
android.permission.INTERNET
android.permission.ACCESS_NETWORK_STATE
android.permission.VIBRATE
com.google.android.gms.permission.AD_ID
android.permission.WAKE_LOCK
android.permission.ACCESS_WIFI_STATE
android.permission.POST_NOTIFICATIONS
com.google.android.c2dm.permission.RECEIVE
com.applovin.array.apphub.permission.BIND_APPHUB_SERVICE
com.google.android.finsky.permission.BIND_GET_INSTALL_REFERRER_SERVICE
com.android.vending.BILLING
android.permission.FOREGROUND_SERVICE
apps.r.compass.DYNAMIC_RECEIVER_NOT_EXPORTED_PERMISSION",,
ch.publisheria.bring,ch.publisheria.bring,ch.publisheria.bring,,"android.permission.INTERNET
android.permission.ACCESS_NETWORK_STATE
android.permission.ACCESS_WIFI_STATE
android.permission.WAKE_LOCK
android.permission.READ_CONTACTS
android.permission.WRITE_EXTERNAL_STORAGE
android.permission.READ_MEDIA_IMAGES
android.permission.VIBRATE
android.permission.RECEIVE_BOOT_COMPLETED
com.google.android.gms.permission.AD_ID
android.permission.POST_NOTIFICATIONS
android.permission.ACCESS_FINE_LOCATION
android.permission.ACCESS_COARSE_LOCATION
android.permission.CAMERA
android.permission.FOREGROUND_SERVICE
com.google.android.c2dm.permission.RECEIVE
com.google.android.finsky.permission.BIND_GET_INSTALL_REFERRER_SERVICE
ch.publisheria.bring.DYNAMIC_RECEIVER_NOT_EXPORTED_PERMISSION
com.android.vending.BILLING",,
com.albuquerquedesign.adanalog013,com.albuquerquedesign.adanalog013,com.albuquerquedesign.adanalog013,,com.albuquerquedesign.adanalog013.DYNAMIC_RECEIVER_NOT_EXPORTED_PERMISSION,,
com.anghami,com.anghami,com.anghami,,"android.permission.FOREGROUND_SERVICE
android.permission.BLUETOOTH
android.permission.INTERNET
android.permission.ACCESS_NETWORK_STATE
android.permission.ACCESS_WIFI_STATE
android.permission.READ_EXTERNAL_STORAGE
android.permission.CAMERA
com.android.vending.BILLING
android.permission.WAKE_LOCK
android.permission.READ_CONTACTS
android.permission.RECEIVE_BOOT_COMPLETED
android.permission.VIBRATE
android.permission.ACTIVITY_RECOGNITION
android.permission.RECORD_AUDIO
android.permission.MODIFY_AUDIO_SETTINGS
android.permission.CHANGE_WIFI_MULTICAST_STATE
android.permission.BLUETOOTH_ADMIN
android.permission.WRITE_EXTERNAL_STORAGE
android.permission.READ_PHONE_STATE
com.google.android.c2dm.permission.RECEIVE
com.google.android.finsky.permission.BIND_GET_INSTALL_REFERRER_SERVICE
android.permission.REQUEST_INSTALL_PACKAGES",,
com.audible.application,com.audible.application,com.audible.application,,"com.audible.application.permission.C2D_MESSAGE
com.google.android.gms.permission.AD_ID
android.permission.POST_NOTIFICATIONS
android.permission.RECORD_AUDIO
com.audible.application.externalmediaplayer.permission.WAKE_UP
android.permission.BLUETOOTH_CONNECT
com.amazon.identity.permission.CALL_AMAZON_DEVICE_INFORMATION_PROVIDER
android.permission.INTERNET
android.permission.WAKE_LOCK
android.permission.BLUETOOTH
android.permission.RECEIVE_BOOT_COMPLETED
android.permission.ACCESS_NETWORK_STATE
android.permission.FOREGROUND_SERVICE
android.permission.REQUEST_IGNORE_BATTERY_OPTIMIZATIONS
android.permission.WRITE_EXTERNAL_STORAGE
android.permission.READ_EXTERNAL_STORAGE
android.permission.ACCESS_WIFI_STATE
android.permission.READ_BASIC_PHONE_STATE
android.permission.READ_PHONE_STATE
amazon.permission.COLLECT_METRICS
android.permission.CHANGE_WIFI_MULTICAST_STATE
android.permission.CHANGE_WIFI_STATE
com.amazon.kindle.cms.CMS_ACCESS
android.permission.MODIFY_AUDIO_SETTINGS
com.amazon.alexa.externalmediaplayer.permission.WAKE_UP
com.google.android.c2dm.permission.RECEIVE
com.audible.application.DYNAMIC_RECEIVER_NOT_EXPORTED_PERMISSION
com.android.vending.BILLING
com.google.android.finsky.permission.BIND_GET_INSTALL_REFERRER_SERVICE
com.amazon.dcp.metrics.permission.METRICS_PERMISSION
com.amazon.dcp.config.permission.DYN_CONFIG_VALUES_UPDATED
com.amazon.identity.auth.device.perm.AUTH_SDK
com.amazon.dcp.sso.permission.USE_DEVICE_CREDENTIALS
com.amazon.dcp.sso.permission.account.changed
com.amazon.dcp.sso.permission.MANAGE_COR_PFM
com.amazon.dcp.sso.permission.CUSTOMER_ATTRIBUTE_SERVICE
com.amazon.dcp.sso.permission.AmazonAccountPropertyService.property.changed
com.amazon.appmanager.preload.permission.READ_PRELOAD_DEVICE_INFO_PROVIDER
com.amazon.alexa.handsfree.protocols.permission.DATA_SYNC",,
com.c25k,com.c25k,com.c25k,,"android.permission.INTERNET
android.permission.VIBRATE
android.permission.WAKE_LOCK
android.permission.ACCESS_FINE_LOCATION
android.permission.ACCESS_COARSE_LOCATION
android.permission.ACCESS_BACKGROUND_LOCATION
android.permission.ACCESS_WIFI_STATE
android.permission.CHANGE_WIFI_STATE
com.google.android.gms.permission.ACTIVITY_RECOGNITION
android.permission.RECEIVE_BOOT_COMPLETED
android.permission.BLUETOOTH
android.permission.BLUETOOTH_ADMIN
android.permission.BLUETOOTH_CONNECT
android.permission.ACCESS_NETWORK_STATE
android.permission.ACCESS_WIFI_STATE
android.permission.POST_NOTIFICATIONS
android.permission.WRITE_EXTERNAL_STORAGE
android.permission.READ_EXTERNAL_STORAGE
android.permission.HIGH_SAMPLING_RATE_SENSORS
android.permission.SCHEDULE_EXACT_ALARM
android.permission.CAMERA
android.permission.STORAGE
android.permission.FOREGROUND_SERVICE
android.permission.FOREGROUND_SERVICE_LOCATION
android.permission.FOREGROUND_SERVICE_MEDIA_PLAYBACK
com.sec.android.provider.badge.permission.READ
com.sec.android.provider.badge.permission.WRITE
com.google.android.finsky.permission.BIND_GET_INSTALL_REFERRER_SERVICE
com.google.android.gms.permission.AD_ID
com.android.vending.BILLING
com.google.android.providers.gsf.permission.READ_GSERVICES
com.google.android.c2dm.permission.RECEIVE
android.permission.ACCESS_ADSERVICES_AD_ID
android.permission.ACCESS_ADSERVICES_ATTRIBUTION
android.permission.ACCESS_ADSERVICES_TOPICS
com.c25k.DYNAMIC_RECEIVER_NOT_EXPORTED_PERMISSION
android.permission.READ_PRIVILEGED_PHONE_STATE",,
com.cardiogram.v1,com.cardiogram.v1,com.cardiogram.v1,,"android.permission.RECEIVE_BOOT_COMPLETED
android.permission.USE_CREDENTIALS
android.permission.INTERNET
android.permission.ACCESS_NETWORK_STATE
android.permission.ACCESS_WIFI_STATE
com.google.android.gms.permission.AD_ID
android.permission.WAKE_LOCK
android.permission.VIBRATE
com.google.android.c2dm.permission.RECEIVE
android.permission.WAKE_LOCK
com.android.vending.BILLING
android.permission.ACCESS_FINE_LOCATION
android.permission.ACTIVITY_RECOGNITION
com.google.android.gms.permission.ACTIVITY_RECOGNITION
android.permission.CAMERA
android.permission.READ_MEDIA_IMAGES
android.permission.READ_MEDIA_VIDEO
android.permission.READ_EXTERNAL_STORAGE
android.permission.WRITE_EXTERNAL_STORAGE
com.cardiogram.v1.permission.C2D_MESSAGE
android.permission.POST_NOTIFICATIONS
android.permission.MANAGE_ACCOUNTS
com.google.android.finsky.permission.BIND_GET_INSTALL_REFERRER_SERVICE
android.permission.FOREGROUND_SERVICE",,
com.centr.app,com.centr.app,com.centr.app,,"android.permission.INTERNET
android.permission.ACCESS_NETWORK_STATE
android.permission.ACCESS_WIFI_STATE
android.permission.FOREGROUND_SERVICE
android.permission.VIBRATE
com.google.android.gms.permission.AD_ID
com.android.vending.BILLING
android.permission.READ_EXTERNAL_STORAGE
android.permission.WAKE_LOCK
com.google.android.c2dm.permission.RECEIVE
com.google.android.finsky.permission.BIND_GET_INSTALL_REFERRER_SERVICE",,
com.codverter.wearflashlight,com.codverter.wearflashlight,com.codverter.wearflashlight,,"android.permission.BLUETOOTH
android.permission.VIBRATE
android.permission.CAMERA
android.permission.INTERNET
android.permission.ACCESS_NETWORK_STATE
com.google.android.gms.permission.AD_ID
android.permission.ACCESS_ADSERVICES_AD_ID
android.permission.ACCESS_ADSERVICES_ATTRIBUTION
android.permission.ACCESS_ADSERVICES_TOPICS
android.permission.WAKE_LOCK
android.permission.FOREGROUND_SERVICE
com.codverter.wearflashlight.DYNAMIC_RECEIVER_NOT_EXPORTED_PERMISSION",,
com.contorra.golfpad,com.contorra.golfpad,com.contorra.golfpad,,"android.permission.BLUETOOTH
android.permission.BLUETOOTH_ADMIN
android.permission.BLUETOOTH_CONNECT
android.permission.BLUETOOTH_SCAN
android.permission.NFC
android.permission.SYSTEM_ALERT_WINDOW
android.permission.VIBRATE
android.permission.INTERNET
android.permission.ACCESS_COARSE_LOCATION
android.permission.ACCESS_FINE_LOCATION
android.permission.ACCESS_BACKGROUND_LOCATION
android.permission.VIBRATE
android.permission.WAKE_LOCK
android.permission.ACCESS_NETWORK_STATE
android.permission.GET_ACCOUNTS
android.permission.USE_CREDENTIALS
com.google.android.providers.gsf.permission.READ_GSERVICES
com.google.android.c2dm.permission.RECEIVE
com.contorra.golfpad.permission.C2D_MESSAGE
android.permission.USE_FINGERPRINT
android.permission.FOREGROUND_SERVICE
android.permission.FOREGROUND_SERVICE_LOCATION
android.permission.FOREGROUND_SERVICE_CONNECTED_DEVICE
com.samsung.accessory.permission.ACCESSORY_FRAMEWORK
com.samsung.WATCH_APP_TYPE.Companion
com.samsung.android.providers.context.permission.WRITE_USE_APP_FEATURE_SURVEY
android.permission.CAMERA
android.permission.POST_NOTIFICATIONS
com.google.android.gms.permission.AD_ID
android.permission.ACCESS_ADSERVICES_AD_ID
android.permission.ACCESS_ADSERVICES_ATTRIBUTION
android.permission.ACCESS_ADSERVICES_TOPICS
com.google.android.finsky.permission.BIND_GET_INSTALL_REFERRER_SERVICE
com.contorra.golfpad.DYNAMIC_RECEIVER_NOT_EXPORTED_PERMISSION
com.android.vending.BILLING
android.permission.WRITE_EXTERNAL_STORAGE
android.permission.READ_EXTERNAL_STORAGE",,
com.customsolutions.android.alexa,com.customsolutions.android.alexa,com.customsolutions.android.alexa,,"android.permission.RECORD_AUDIO
android.permission.SYSTEM_ALERT_WINDOW
android.permission.SCHEDULE_EXACT_ALARM
android.permission.POST_NOTIFICATIONS
com.google.android.gms.permission.AD_ID
android.permission.INTERNET
android.permission.MODIFY_AUDIO_SETTINGS
android.permission.WAKE_LOCK
android.permission.RECEIVE_BOOT_COMPLETED
android.permission.DISABLE_KEYGUARD
android.permission.VIBRATE
android.permission.READ_PHONE_STATE
android.permission.ACCESS_NETWORK_STATE
android.permission.ACCESS_WIFI_STATE
android.permission.FOREGROUND_SERVICE
android.permission.HIGH_SAMPLING_RATE_SENSORS
com.google.android.finsky.permission.BIND_GET_INSTALL_REFERRER_SERVICE
com.customsolutions.android.alexa.DYNAMIC_RECEIVER_NOT_EXPORTED_PERMISSION
com.android.vending.BILLING",,
com.dungelin.heartrate,com.dungelin.heartrate,com.dungelin.heartrate,,"android.permission.health.READ_HEART_RATE
android.permission.health.WRITE_HEART_RATE
android.permission.CAMERA
android.permission.FLASHLIGHT
android.permission.WAKE_LOCK
android.permission.VIBRATE
android.permission.ACCESS_WIFI_STATE
android.permission.ACCESS_NETWORK_STATE
android.permission.INTERNET
com.android.vending.BILLING
com.samsung.android.iap.permission.BILLING
android.permission.BODY_SENSORS
com.samsung.permission.SSENSOR_HRM_RAW_PPG
com.samsung.android.providers.context.permission.WRITE_USE_APP_FEATURE_SURVEY
android.permission.RECEIVE_BOOT_COMPLETED
android.permission.FOREGROUND_SERVICE
android.permission.POST_NOTIFICATIONS
com.google.android.gms.permission.AD_ID
android.permission.ACCESS_ADSERVICES_AD_ID
android.permission.ACCESS_ADSERVICES_ATTRIBUTION
android.permission.ACCESS_ADSERVICES_TOPICS
com.google.android.finsky.permission.BIND_GET_INSTALL_REFERRER_SERVICE
com.dungelin.heartrate.DYNAMIC_RECEIVER_NOT_EXPORTED_PERMISSION",,
com.exovoid.weather.app,com.exovoid.weather.app,com.exovoid.weather.app,,"android.permission.SCHEDULE_EXACT_ALARM
com.android.alarm.permission.SET_ALARM
android.permission.POST_NOTIFICATIONS
com.google.android.gms.permission.AD_ID
android.permission.INTERNET
android.permission.ACCESS_NETWORK_STATE
android.permission.ACCESS_COARSE_LOCATION
android.permission.ACCESS_BACKGROUND_LOCATION
com.google.android.providers.gsf.permission.READ_GSERVICES
android.permission.RECEIVE_BOOT_COMPLETED
android.permission.ACCESS_FINE_LOCATION
android.permission.WAKE_LOCK
android.permission.ACCESS_ADSERVICES_ATTRIBUTION
android.permission.ACCESS_ADSERVICES_AD_ID
com.android.vending.BILLING
android.permission.ACCESS_ADSERVICES_TOPICS
com.google.android.finsky.permission.BIND_GET_INSTALL_REFERRER_SERVICE
android.permission.FOREGROUND_SERVICE
com.exovoid.weather.app.DYNAMIC_RECEIVER_NOT_EXPORTED_PERMISSION
com.android.vending.CHECK_LICENSE",,
com.fish4fun.mycards,com.fish4fun.mycards,com.fish4fun.mycards,,"android.permission.CAMERA
android.permission.INTERNET
android.permission.ACCESS_NETWORK_STATE
android.permission.ACCESS_FINE_LOCATION
android.permission.ACCESS_WIFI_STATE
android.permission.WAKE_LOCK
com.google.android.c2dm.permission.RECEIVE
com.google.android.finsky.permission.BIND_GET_INSTALL_REFERRER_SERVICE",,
com.fitbod.fitbod,com.fitbod.fitbod,com.fitbod.fitbod,,"android.permission.INTERNET
android.permission.ACCESS_WIFI_STATE
android.permission.ACCESS_NETWORK_STATE
android.permission.POST_NOTIFICATIONS
android.permission.SCHEDULE_EXACT_ALARM
com.google.android.gms.permission.AD_ID
android.permission.health.READ_ACTIVE_CALORIES_BURNED
android.permission.health.READ_BASAL_METABOLIC_RATE
android.permission.health.READ_BODY_FAT
android.permission.health.READ_DISTANCE
android.permission.health.READ_ELEVATION_GAINED
android.permission.health.READ_EXERCISE
android.permission.health.READ_HEIGHT
android.permission.health.READ_LEAN_BODY_MASS
android.permission.health.READ_STEPS
android.permission.health.READ_TOTAL_CALORIES_BURNED
android.permission.health.READ_WEIGHT
android.permission.health.WRITE_ACTIVE_CALORIES_BURNED
android.permission.health.WRITE_BASAL_METABOLIC_RATE
android.permission.health.WRITE_BODY_FAT
android.permission.health.WRITE_DISTANCE
android.permission.health.WRITE_ELEVATION_GAINED
android.permission.health.WRITE_EXERCISE
android.permission.health.WRITE_HEIGHT
android.permission.health.WRITE_LEAN_BODY_MASS
android.permission.health.WRITE_STEPS
android.permission.health.WRITE_TOTAL_CALORIES_BURNED
android.permission.health.WRITE_WEIGHT
android.permission.WAKE_LOCK
android.permission.RECEIVE_BOOT_COMPLETED
android.permission.FOREGROUND_SERVICE
com.android.vending.BILLING
com.google.android.c2dm.permission.RECEIVE
com.google.android.finsky.permission.BIND_GET_INSTALL_REFERRER_SERVICE
android.permission.ACCESS_ADSERVICES_ATTRIBUTION
android.permission.ACCESS_ADSERVICES_AD_ID
com.fitbod.fitbod.DYNAMIC_RECEIVER_NOT_EXPORTED_PERMISSION",,
com.fitiv.fitivapplication,com.fitiv.fitivapplication,com.fitiv.fitivapplication,,"android.permission.RECEIVE_NOTIFICATIONS
android.permission.POST_NOTIFICATIONS
android.permission.BLUETOOTH_CONNECT
android.permission.BLUETOOTH_SCAN
android.permission.INTERNET
android.permission.ACCESS_NETWORK_STATE
android.permission.BLUETOOTH
android.permission.BLUETOOTH_ADMIN
android.permission.ACCESS_FINE_LOCATION
android.permission.ACCESS_COARSE_LOCATION
android.permission.ACCESS_BACKGROUND_LOCATION
android.permission.WRITE_EXTERNAL_STORAGE
android.permission.READ_EXTERNAL_STORAGE
android.permission.BODY_SENSORS
android.permission.FOREGROUND_SERVICE
android.permission.WAKE_LOCK
com.samsung.accessory.permission.ACCESSORY_FRAMEWORK
com.samsung.android.providers.context.permission.WRITE_USE_APP_FEATURE_SURVEY
com.samsung.WATCH_APP_TYPE.Companion
android.permission.ACTIVITY_RECOGNITION
com.google.android.gms.permission.ACTIVITY_RECOGNITION
com.samsung.wmanager.ENABLE_NOTIFICATION
android.permission.RECEIVE_BOOT_COMPLETED
android.permission.ACTIVITY_RECOGNITION
android.permission.SCHEDULE_EXACT_ALARM
com.google.android.gms.permission.AD_ID
com.google.android.c2dm.permission.RECEIVE
android.permission.REORDER_TASKS
com.google.android.finsky.permission.BIND_GET_INSTALL_REFERRER_SERVICE
com.fitiv.fitivapplication.DYNAMIC_RECEIVER_NOT_EXPORTED_PERMISSION
com.android.vending.BILLING",,
com.fiton.android,com.fiton.android,com.fiton.android,,"android.permission.WRITE_EXTERNAL_STORAGE
android.permission.READ_EXTERNAL_STORAGE
android.permission.READ_CONTACTS
android.permission.MODIFY_AUDIO_SETTINGS
android.permission.CHANGE_WIFI_MULTICAST_STATE
android.permission.ACCESS_WIFI_STATE
android.permission.INTERNET
android.permission.ACCESS_NETWORK_STATE
android.permission.CAMERA
android.permission.BILLING
android.permission.FOREGROUND_SERVICE
android.permission.WAKE_LOCK
com.google.android.finsky.permission.BIND_GET_INSTALL_REFERRER_SERVICE
com.google.android.c2dm.permission.RECEIVE
com.android.vending.BILLING",,
com.flightradar24free,com.flightradar24free,com.flightradar24free,,"android.permission.INTERNET
android.permission.ACCESS_NETWORK_STATE
android.permission.ACCESS_COARSE_LOCATION
android.permission.ACCESS_FINE_LOCATION
android.permission.ACCESS_BACKGROUND_LOCATION
android.permission.CAMERA
android.permission.VIBRATE
android.permission.WAKE_LOCK
android.permission.RECEIVE_BOOT_COMPLETED
android.permission.FOREGROUND_SERVICE
android.permission.ACCESS_WIFI_STATE
android.permission.CHANGE_WIFI_STATE
android.permission.POST_NOTIFICATIONS
android.permission.FOREGROUND_SERVICE_SPECIAL_USE
android.permission.FOREGROUND_SERVICE_MEDIA_PLAYBACK
android.permission.WRITE_EXTERNAL_STORAGE
com.android.vending.BILLING
com.google.android.providers.gsf.permission.READ_GSERVICES
com.google.android.gms.permission.AD_ID
com.google.android.c2dm.permission.RECEIVE
com.google.android.finsky.permission.BIND_GET_INSTALL_REFERRER_SERVICE
android.permission.ACCESS_ADSERVICES_ATTRIBUTION
android.permission.ACCESS_ADSERVICES_AD_ID
android.permission.ACCESS_ADSERVICES_TOPICS
com.flightradar24free.DYNAMIC_RECEIVER_NOT_EXPORTED_PERMISSION",,
com.fourtechnologies.mynetdiary.ad,com.fourtechnologies.mynetdiary.ad,com.fourtechnologies.mynetdiary.ad,,"android.permission.INTERNET
android.permission.ACCESS_NETWORK_STATE
android.permission.WRITE_EXTERNAL_STORAGE
android.permission.GET_ACCOUNTS
android.permission.WAKE_LOCK
android.permission.GET_PACKAGE_SIZE
android.permission.RECEIVE_BOOT_COMPLETED
android.permission.USE_CREDENTIALS
android.permission.AUTHENTICATE_ACCOUNTS
android.permission.MANAGE_ACCOUNTS
android.permission.ACCESS_WIFI_STATE
android.permission.REQUEST_INSTALL_PACKAGES
android.permission.REQUEST_DELETE_PACKAGES
android.permission.MANAGE_EXTERNAL_STORAGE
android.permission.QUERY_ALL_PACKAGES
android.permission.UPDATE_PACKAGES_WITHOUT_USER_ACTION
android.permission.POST_NOTIFICATIONS
android.permission.ENFORCE_UPDATE_OWNERSHIP
android.permission.INSTALL_PACKAGES
android.permission.DELETE_PACKAGES
android.permission.ACCESS_SUPERUSER
android.permission.RECORD_AUDIO
com.google.android.c2dm.permission.RECEIVE
com.google.android.gms.permission.AD_ID
android.permission.ACCESS_ADSERVICES_ATTRIBUTION
android.permission.ACCESS_ADSERVICES_AD_ID
com.google.android.finsky.permission.BIND_GET_INSTALL_REFERRER_SERVICE
android.permission.FOREGROUND_SERVICE
com.uptodown.DYNAMIC_RECEIVER_NOT_EXPORTED_PERMISSION",,
com.fsoydan.howistheweather,com.fsoydan.howistheweather,com.fsoydan.howistheweather,,"android.permission.ACCESS_NETWORK_STATE
android.permission.ACCESS_FINE_LOCATION
android.permission.ACCESS_COARSE_LOCATION
android.permission.FOREGROUND_SERVICE
android.permission.FOREGROUND_SERVICE_LOCATION
android.permission.FOREGROUND_SERVICE_SPECIAL_USE
android.permission.INTERNET
android.permission.RECEIVE_BOOT_COMPLETED
android.permission.SCHEDULE_EXACT_ALARM
android.permission.SET_WALLPAPER
android.permission.POST_NOTIFICATIONS
com.android.vending.BILLING
android.permission.WAKE_LOCK
com.google.android.gms.permission.AD_ID
android.permission.ACCESS_ADSERVICES_ATTRIBUTION
android.permission.ACCESS_ADSERVICES_AD_ID
com.google.android.finsky.permission.BIND_GET_INSTALL_REFERRER_SERVICE
com.fsoydan.howistheweather.DYNAMIC_RECEIVER_NOT_EXPORTED_PERMISSION",,
com.funnmedia.waterminder,com.funnmedia.waterminder,com.funnmedia.waterminder,,"android.permission.health.READ_HYDRATION
android.permission.health.WRITE_HYDRATION
com.google.android.gms.permission.AD_ID
android.permission.INTERNET
android.permission.RECEIVE_BOOT_COMPLETED
android.permission.SCHEDULE_EXACT_ALARM
com.android.vending.BILLING
android.permission.ACCESS_NETWORK_STATE
android.permission.WAKE_LOCK
android.permission.POST_NOTIFICATIONS
android.permission.VIBRATE
android.permission.ACCESS_ADSERVICES_ATTRIBUTION
android.permission.ACCESS_ADSERVICES_AD_ID
com.google.android.providers.gsf.permission.READ_GSERVICES
android.permission.ACCESS_ADSERVICES_TOPICS
android.permission.FOREGROUND_SERVICE
com.google.android.finsky.permission.BIND_GET_INSTALL_REFERRER_SERVICE
com.funnmedia.waterminder.DYNAMIC_RECEIVER_NOT_EXPORTED_PERMISSION",,
com.furyapps.scoreswidget,com.furyapps.scoreswidget,com.furyapps.scoreswidget,,"android.permission.INTERNET
android.permission.ACCESS_NETWORK_STATE
android.permission.SCHEDULE_EXACT_ALARM
android.permission.REQUEST_IGNORE_BATTERY_OPTIMIZATIONS
android.permission.QUERY_ALL_PACKAGES
android.permission.POST_NOTIFICATIONS
android.permission.WAKE_LOCK
com.google.android.c2dm.permission.RECEIVE
com.google.android.finsky.permission.BIND_GET_INSTALL_REFERRER_SERVICE
com.furyapps.scoreswidget.DYNAMIC_RECEIVER_NOT_EXPORTED_PERMISSION",,
com.GD.Minimal,com.GD.Minimal,com.GD.Minimal,,com.GD.Minimal.DYNAMIC_RECEIVER_NOT_EXPORTED_PERMISSION,,
com.golfbuddy.smartcaddie,com.golfbuddy.smartcaddie,com.golfbuddy.smartcaddie,,"android.permission.BLUETOOTH_CONNECT
android.permission.INTERNET
android.permission.CAMERA
android.permission.VIBRATE
android.permission.POST_NOTIFICATIONS
android.permission.WRITE_EXTERNAL_STORAGE
android.permission.READ_EXTERNAL_STORAGE
android.permission.READ_MEDIA_IMAGES
android.permission.ACCESS_FINE_LOCATION
android.permission.ACCESS_COARSE_LOCATION
com.android.vending.BILLING
android.permission.FOREGROUND_SERVICE
android.permission.FOREGROUND_SERVICE_REMOTE_MESSAGING
android.permission.health.WRITE_HEART_RATE
android.permission.health.WRITE_STEPS
android.permission.health.WRITE_DISTANCE
android.permission.health.WRITE_ELEVATION_GAINED
android.permission.health.WRITE_EXERCISE
android.permission.health.WRITE_EXERCISE_ROUTE
android.permission.health.WRITE_TOTAL_CALORIES_BURNED
com.google.android.gms.permission.HEALTH_CONNECT
android.permission.ACCESS_NETWORK_STATE
com.google.android.gms.permission.AD_ID
android.permission.WAKE_LOCK
android.permission.RECEIVE_BOOT_COMPLETED
com.google.android.finsky.permission.BIND_GET_INSTALL_REFERRER_SERVICE
com.golfbuddy.smartcaddie.DYNAMIC_RECEIVER_NOT_EXPORTED_PERMISSION",,
com.google.android.apps.maps,com.google.android.apps.maps,com.google.android.apps.maps,,"android.permission.INTERNET
com.google.android.providers.gsf.permission.READ_GSERVICES
android.permission.WRITE_EXTERNAL_STORAGE
android.permission.READ_EXTERNAL_STORAGE
android.permission.READ_MEDIA_IMAGES
android.permission.READ_MEDIA_VIDEO
android.permission.READ_MEDIA_VISUAL_USER_SELECTED
com.google.android.apps.maps.DYNAMIC_RECEIVER_NOT_EXPORTED_PERMISSION
android.permission.ACCESS_BACKGROUND_LOCATION
android.permission.ACCESS_COARSE_LOCATION
android.permission.ACCESS_FINE_LOCATION
com.google.android.gms.permission.ACTIVITY_RECOGNITION
android.permission.ACTIVITY_RECOGNITION
com.android.launcher.permission.INSTALL_SHORTCUT
android.permission.GET_ACCOUNTS
android.permission.MANAGE_ACCOUNTS
android.permission.USE_CREDENTIALS
android.permission.READ_SYNC_SETTINGS
android.permission.WRITE_SYNC_SETTINGS
android.permission.DISABLE_KEYGUARD
android.permission.ACCESS_WIFI_STATE
android.permission.ACCESS_NETWORK_STATE
android.permission.CHANGE_NETWORK_STATE
android.permission.CHANGE_WIFI_STATE
com.google.android.c2dm.permission.RECEIVE
android.permission.DOWNLOAD_WITHOUT_NOTIFICATION
com.google.android.gms.permission.CAR_SPEED
android.permission.VIBRATE
android.permission.NFC
android.permission.READ_CONTACTS
android.permission.FOREGROUND_SERVICE
android.permission.FOREGROUND_SERVICE_DATA_SYNC
android.permission.FOREGROUND_SERVICE_MEDIA_PROCESSING
android.permission.RUN_USER_INITIATED_JOBS
android.permission.FOREGROUND_SERVICE_LOCATION
android.permission.POST_NOTIFICATIONS
android.permission.WAKE_LOCK
android.permission.RECEIVE_BOOT_COMPLETED
android.permission.BROADCAST_STICKY
android.permission.GET_PACKAGE_SIZE
com.google.android.googlequicksearchbox.permission.LENSVIEW_BROADCAST
com.google.android.googlequicksearchbox.permission.LAUNCH_FROM_GMM
android.permission.SCHEDULE_EXACT_ALARM
android.permission.ACCESS_ADSERVICES_ATTRIBUTION
com.google.android.gms.permission.AD_ID
android.permission.CAMERA
android.permission.RECORD_AUDIO",,
com.google.android.apps.youtube.music,com.google.android.apps.youtube.music,com.google.android.apps.youtube.music,,"android.permission.ACCESS_NETWORK_STATE
android.permission.ACCESS_WIFI_STATE
android.permission.BLUETOOTH
android.permission.BLUETOOTH_ADMIN
android.permission.BLUETOOTH_SCAN
android.permission.BLUETOOTH_ADVERTISE
android.permission.BLUETOOTH_CONNECT
android.permission.INTERNET
android.permission.NFC
android.permission.READ_MEDIA_IMAGES
android.permission.CAMERA
android.permission.READ_MEDIA_AUDIO
android.permission.READ_EXTERNAL_STORAGE
android.permission.WRITE_EXTERNAL_STORAGE
com.google.android.gms.permission.AD_ID
android.permission.VIBRATE
android.permission.WAKE_LOCK
com.google.android.c2dm.permission.RECEIVE
com.google.android.providers.gsf.permission.READ_GSERVICES
android.permission.GET_ACCOUNTS
android.permission.MANAGE_ACCOUNTS
android.permission.USE_CREDENTIALS
com.google.android.gms.permission.ACTIVITY_RECOGNITION
android.permission.FOREGROUND_SERVICE
android.permission.FOREGROUND_SERVICE_DATA_SYNC
android.permission.RUN_USER_INITIATED_JOBS
android.permission.FOREGROUND_SERVICE_MEDIA_PLAYBACK
android.permission.POST_NOTIFICATIONS
com.google.android.apps.youtube.music.DYNAMIC_RECEIVER_NOT_EXPORTED_PERMISSION
android.permission.RECEIVE_BOOT_COMPLETED
com.android.vending.BILLING
android.permission.REQUEST_COMPANION_START_FOREGROUND_SERVICES_FROM_BACKGROUND",,
com.google.android.contacts,com.google.android.contacts,com.google.android.contacts,,"android.permission.READ_CONTACTS
android.permission.WRITE_CONTACTS
android.permission.GET_ACCOUNTS
android.permission.GET_ACCOUNTS_PRIVILEGED
android.permission.MANAGE_ACCOUNTS
android.permission.ACCESS_NETWORK_STATE
android.permission.CALL_PHONE
android.permission.INTERNET
android.permission.NFC
android.permission.READ_PHONE_NUMBERS
android.permission.READ_PHONE_STATE
android.permission.WAKE_LOCK
android.permission.WRITE_SETTINGS
android.permission.USE_CREDENTIALS
android.permission.VIBRATE
android.permission.READ_SYNC_SETTINGS
android.permission.READ_EXTERNAL_STORAGE
com.android.launcher.permission.INSTALL_SHORTCUT
android.permission.WRITE_SYNC_SETTINGS
android.permission.READ_SYNC_STATS
android.permission.RECEIVE_BOOT_COMPLETED
com.google.android.providers.gsf.permission.READ_GSERVICES
com.google.android.c2dm.permission.RECEIVE
android.permission.FOREGROUND_SERVICE
android.permission.HIDE_OVERLAY_WINDOWS
android.permission.SET_DEFAULT_ACCOUNT_FOR_CONTACTS
android.permission.ACCESS_RCS_USER_CAPABILITY_EXCHANGE
android.permission.POST_NOTIFICATIONS
android.permission.FOREGROUND_SERVICE_DATA_SYNC
com.google.android.apps.pixel.relationships.permission.LAUNCH_MAIN
com.google.android.apps.pixel.relationships.permission.LAUNCH_ONBOARDING
com.google.android.apps.pixel.relationships.permission.CONTACT_UPDATE
com.google.android.pixelsystemadapter.permission.READ_HAPTIC_PROVIDER",,
com.google.android.deskclock,com.google.android.deskclock,com.google.android.deskclock,,"android.permission.RECEIVE_BOOT_COMPLETED
android.permission.WAKE_LOCK
android.permission.VIBRATE
android.permission.DISABLE_KEYGUARD
android.permission.READ_CALENDAR
android.permission.READ_EXTERNAL_STORAGE
android.permission.FOREGROUND_SERVICE
android.permission.USE_FULL_SCREEN_INTENT
com.android.systemui.permission.SEND_ALERT_BROADCASTS
android.permission.INTERNET
android.permission.ACCESS_NETWORK_STATE
com.google.android.providers.gsf.permission.READ_GSERVICES
android.permission.INTERACT_ACROSS_PROFILES
android.permission.MODIFY_AUDIO_SETTINGS
android.permission.SCHEDULE_EXACT_ALARM
android.permission.START_FOREGROUND_SERVICES_FROM_BACKGROUND
android.permission.USE_EXACT_ALARM
android.permission.POST_NOTIFICATIONS
android.permission.READ_MEDIA_AUDIO
android.permission.FOREGROUND_SERVICE_SYSTEM_EXEMPTED
android.Manifest.permission.TURN_SCREEN_ON
com.google.android.deskclock.DYNAMIC_RECEIVER_NOT_EXPORTED_PERMISSION",,
com.google.android.keep,com.google.android.keep,com.google.android.keep,,"android.permission.ACCESS_BACKGROUND_LOCATION
android.permission.ACCESS_COARSE_LOCATION
android.permission.ACCESS_FINE_LOCATION
android.permission.ACCESS_NETWORK_STATE
android.permission.GET_ACCOUNTS
android.permission.GET_PACKAGE_SIZE
android.permission.INTERNET
android.permission.POST_NOTIFICATIONS
android.permission.READ_SYNC_SETTINGS
android.permission.READ_SYNC_STATS
android.permission.RECEIVE_BOOT_COMPLETED
android.permission.RECORD_AUDIO
android.permission.SUBSCRIBED_FEEDS_READ
android.permission.SUBSCRIBED_FEEDS_WRITE
android.permission.USE_CREDENTIALS
android.permission.VIBRATE
android.permission.WAKE_LOCK
android.permission.WRITE_SYNC_SETTINGS
com.google.android.providers.gsf.permission.READ_GSERVICES
com.google.android.voicesearch.AUDIO_FILE_ACCESS
com.google.android.c2dm.permission.RECEIVE
android.permission.READ_CONTACTS
android.permission.LAUNCH_CAPTURE_CONTENT_ACTIVITY_FOR_NOTE",,
com.grint.thegrint.pro,com.grint.thegrint.pro,com.grint.thegrint.pro,,"android.permission.INTERNET
android.permission.WRITE_EXTERNAL_STORAGE
android.permission.READ_EXTERNAL_STORAGE
android.permission.READ_MEDIA_VIDEO
android.permission.READ_MEDIA_IMAGES
android.permission.ACCESS_COARSE_LOCATION
android.permission.ACCESS_NETWORK_STATE
android.permission.ACCESS_WIFI_STATE
android.permission.VIBRATE
com.android.vending.CHECK_LICENSE
android.permission.READ_PHONE_STATE
com.google.android.providers.gsf.permission.READ_GSERVICES
com.grint.thegrint.pro.permission.MAPS_RECEIVE
android.permission.ACCESS_FINE_LOCATION
android.permission.CAMERA
android.permission.FOREGROUND_SERVICE
android.permission.POST_NOTIFICATIONS
android.permission.WAKE_LOCK
com.google.android.c2dm.permission.RECEIVE
com.google.android.finsky.permission.BIND_GET_INSTALL_REFERRER_SERVICE
android.permission.RECEIVE_BOOT_COMPLETED
com.android.vending.BILLING
com.grint.thegrint.pro.DYNAMIC_RECEIVER_NOT_EXPORTED_PERMISSION",,
com.hrd.iam,com.hrd.iam,com.hrd.iam,,"android.permission.INTERNET
android.permission.ACCESS_NETWORK_STATE
android.permission.WRITE_EXTERNAL_STORAGE
android.permission.GET_ACCOUNTS
android.permission.WAKE_LOCK
android.permission.GET_PACKAGE_SIZE
android.permission.RECEIVE_BOOT_COMPLETED
android.permission.USE_CREDENTIALS
android.permission.AUTHENTICATE_ACCOUNTS
android.permission.MANAGE_ACCOUNTS
android.permission.ACCESS_WIFI_STATE
android.permission.REQUEST_INSTALL_PACKAGES
android.permission.REQUEST_DELETE_PACKAGES
android.permission.MANAGE_EXTERNAL_STORAGE
android.permission.QUERY_ALL_PACKAGES
android.permission.UPDATE_PACKAGES_WITHOUT_USER_ACTION
android.permission.POST_NOTIFICATIONS
android.permission.ENFORCE_UPDATE_OWNERSHIP
android.permission.INSTALL_PACKAGES
android.permission.DELETE_PACKAGES
android.permission.ACCESS_SUPERUSER
android.permission.RECORD_AUDIO
com.google.android.c2dm.permission.RECEIVE
com.google.android.gms.permission.AD_ID
android.permission.ACCESS_ADSERVICES_ATTRIBUTION
android.permission.ACCESS_ADSERVICES_AD_ID
com.google.android.finsky.permission.BIND_GET_INSTALL_REFERRER_SERVICE
android.permission.FOREGROUND_SERVICE
com.uptodown.DYNAMIC_RECEIVER_NOT_EXPORTED_PERMISSION",,
com.hrd.motivation,com.hrd.motivation,com.hrd.motivation,,"android.permission.INTERNET
android.permission.ACCESS_NETWORK_STATE
android.permission.WRITE_EXTERNAL_STORAGE
android.permission.GET_ACCOUNTS
android.permission.WAKE_LOCK
android.permission.GET_PACKAGE_SIZE
android.permission.RECEIVE_BOOT_COMPLETED
android.permission.USE_CREDENTIALS
android.permission.AUTHENTICATE_ACCOUNTS
android.permission.MANAGE_ACCOUNTS
android.permission.ACCESS_WIFI_STATE
android.permission.REQUEST_INSTALL_PACKAGES
android.permission.REQUEST_DELETE_PACKAGES
android.permission.MANAGE_EXTERNAL_STORAGE
android.permission.QUERY_ALL_PACKAGES
android.permission.UPDATE_PACKAGES_WITHOUT_USER_ACTION
android.permission.POST_NOTIFICATIONS
android.permission.ENFORCE_UPDATE_OWNERSHIP
android.permission.INSTALL_PACKAGES
android.permission.DELETE_PACKAGES
android.permission.ACCESS_SUPERUSER
android.permission.RECORD_AUDIO
com.google.android.c2dm.permission.RECEIVE
com.google.android.gms.permission.AD_ID
android.permission.ACCESS_ADSERVICES_ATTRIBUTION
android.permission.ACCESS_ADSERVICES_AD_ID
com.google.android.finsky.permission.BIND_GET_INSTALL_REFERRER_SERVICE
android.permission.FOREGROUND_SERVICE
com.uptodown.DYNAMIC_RECEIVER_NOT_EXPORTED_PERMISSION",,
com.imperon.android.gymapp,com.imperon.android.gymapp,com.imperon.android.gymapp,,"android.permission.INTERNET
android.permission.ACCESS_NETWORK_STATE
android.permission.VIBRATE
android.permission.DISABLE_KEYGUARD
android.permission.WAKE_LOCK
android.permission.FOREGROUND_SERVICE
android.permission.FOREGROUND_SERVICE_DATA_SYNC
android.permission.POST_NOTIFICATIONS
android.permission.GET_ACCOUNTS
android.permission.USE_CREDENTIALS
android.permission.ACTIVITY_RECOGNITION
com.samsung.android.providers.context.permission.WRITE_USE_APP_FEATURE_SURVEY
com.samsung.accessory.permission.ACCESSORY_FRAMEWORK
com.samsung.WATCH_APP_TYPE.Companion
com.samsung.wmanager.ENABLE_NOTIFICATION
android.permission.health.WRITE_EXERCISE
android.permission.health.WRITE_ACTIVE_CALORIES_BURNED
android.permission.health.WRITE_HEART_RATE
com.imperon.android.gymapp.DYNAMIC_RECEIVER_NOT_EXPORTED_PERMISSION
com.android.vending.BILLING
com.sony.mobile.permission.SYSTEM_UI_VISIBILITY_EXTENSION
android.permission.NFC
com.android.vending.CHECK_LICENSE",,
com.ingravity.woo,com.ingravity.woo,com.ingravity.woo,,"android.permission.INTERNET
android.permission.POST_NOTIFICATIONS
android.permission.BLUETOOTH
android.permission.BLUETOOTH_ADMIN
android.permission.BLUETOOTH_CONNECT
android.permission.BLUETOOTH_SCAN
android.permission.ACCESS_COARSE_LOCATION
android.permission.ACCESS_FINE_LOCATION
android.permission.FOREGROUND_SERVICE
android.permission.ACCESS_NETWORK_STATE
android.permission.VIBRATE
android.permission.WAKE_LOCK
com.google.android.c2dm.permission.RECEIVE
android.permission.RECEIVE_BOOT_COMPLETED
com.ingravity.woo.DYNAMIC_RECEIVER_NOT_EXPORTED_PERMISSION
com.android.vending.BILLING",,
com.jee.calc,com.jee.calc,com.jee.calc,,"android.permission.INTERNET
android.permission.ACCESS_NETWORK_STATE
android.permission.READ_EXTERNAL_STORAGE
android.permission.WRITE_EXTERNAL_STORAGE
android.permission.VIBRATE
android.permission.WAKE_LOCK
com.android.vending.BILLING
com.google.android.gms.permission.AD_ID
com.samsung.android.providers.context.permission.WRITE_USE_APP_FEATURE_SURVEY
com.jee.calc.DYNAMIC_RECEIVER_NOT_EXPORTED_PERMISSION
com.applovin.array.apphub.permission.BIND_APPHUB_SERVICE
android.permission.ACCESS_WIFI_STATE
com.google.android.finsky.permission.BIND_GET_INSTALL_REFERRER_SERVICE
android.permission.ACCESS_ADSERVICES_AD_ID
android.permission.ACCESS_ADSERVICES_ATTRIBUTION
android.permission.ACCESS_ADSERVICES_TOPICS
android.permission.FOREGROUND_SERVICE",,
com.JiaRen.LCDsimple,com.JiaRen.LCDsimple,com.JiaRen.LCDsimple,,com.JiaRen.LCDsimple.DYNAMIC_RECEIVER_NOT_EXPORTED_PERMISSION,,
com.juventus.app.android,com.juventus.app.android,com.juventus.app.android,,"android.permission.FOREGROUND_SERVICE
com.android.vending.BILLING
android.permission.ACCESS_NETWORK_STATE
android.permission.WAKE_LOCK
android.permission.INTERNET
android.permission.POST_NOTIFICATIONS
com.google.android.c2dm.permission.RECEIVE
com.google.android.gms.permission.AD_ID
com.juventus.app.android.DYNAMIC_RECEIVER_NOT_EXPORTED_PERMISSION
com.google.android.finsky.permission.BIND_GET_INSTALL_REFERRER_SERVICE
android.permission.REORDER_TASKS",,
com.krisdb.wearcasts,com.krisdb.wearcasts,com.krisdb.wearcasts,,"android.permission.INTERNET
com.android.vending.BILLING
android.permission.POST_NOTIFICATIONS
android.permission.VIBRATE
android.permission.FOREGROUND_SERVICE
android.permission.FOREGROUND_SERVICE_MEDIA_PLAYBACK
android.permission.WAKE_LOCK
android.permission.ACCESS_NETWORK_STATE
android.permission.RECEIVE_BOOT_COMPLETED
com.krisdb.wearcasts.DYNAMIC_RECEIVER_NOT_EXPORTED_PERMISSION",,
com.lemonsystems.cipadidas,com.lemonsystems.cipadidas,com.lemonsystems.cipadidas,,"android.permission.CAMERA
android.permission.INTERNET
android.permission.WAKE_LOCK
android.permission.ACCESS_NETWORK_STATE
android.permission.READ_EXTERNAL_STORAGE
android.permission.WRITE_EXTERNAL_STORAGE
android.permission.RECEIVE_BOOT_COMPLETED
android.permission.FOREGROUND_SERVICE
com.google.android.c2dm.permission.RECEIVE
com.google.android.finsky.permission.BIND_GET_INSTALL_REFERRER_SERVICE",,
com.luxsank.analogclassic,com.luxsank.analogclassic,com.luxsank.analogclassic,,"android.permission.INTERNET
android.permission.ACCESS_NETWORK_STATE
com.google.android.gms.permission.AD_ID
android.permission.ACCESS_ADSERVICES_AD_ID
android.permission.ACCESS_ADSERVICES_ATTRIBUTION
android.permission.ACCESS_ADSERVICES_TOPICS
android.permission.WAKE_LOCK
android.permission.FOREGROUND_SERVICE
com.luxsank.analogclassic.DYNAMIC_RECEIVER_NOT_EXPORTED_PERMISSION",,
com.mobilefootie.wc2010,com.mobilefootie.wc2010,com.mobilefootie.wc2010,,android.permission.WAKE_LOCK,,
com.mysticmobileapps.gps.area.calculator,com.mysticmobileapps.gps.area.calculator,com.mysticmobileapps.gps.area.calculator,,"android.permission.INTERNET
android.permission.ACCESS_NETWORK_STATE
android.permission.ACCESS_FINE_LOCATION
android.permission.ACCESS_COARSE_LOCATION
android.permission.POST_NOTIFICATIONS
android.permission.FOREGROUND_SERVICE
android.permission.FOREGROUND_SERVICE_LOCATION
android.permission.BLUETOOTH
android.permission.BLUETOOTH_SCAN
android.permission.BLUETOOTH_CONNECT
com.android.vending.BILLING
com.google.android.gms.permission.AD_ID
android.permission.ACCESS_ADSERVICES_AD_ID
android.permission.ACCESS_ADSERVICES_ATTRIBUTION
android.permission.ACCESS_ADSERVICES_TOPICS
android.permission.WAKE_LOCK
com.google.android.finsky.permission.BIND_GET_INSTALL_REFERRER_SERVICE
com.mysticmobileapps.gps.area.calculator.DYNAMIC_RECEIVER_NOT_EXPORTED_PERMISSION",,
com.mysticmobileapps.gps.location,com.mysticmobileapps.gps.location,com.mysticmobileapps.gps.location,,"android.permission.INTERNET
android.permission.ACCESS_NETWORK_STATE
android.permission.ACCESS_FINE_LOCATION
android.permission.ACCESS_COARSE_LOCATION
android.permission.BLUETOOTH
android.permission.BLUETOOTH_SCAN
android.permission.BLUETOOTH_CONNECT
android.permission.WRITE_EXTERNAL_STORAGE
android.permission.ACCESS_BACKGROUND_LOCATION
android.permission.POST_NOTIFICATIONS
android.permission.CAMERA
com.android.vending.BILLING
com.google.android.gms.permission.AD_ID
android.permission.ACCESS_ADSERVICES_AD_ID
android.permission.ACCESS_ADSERVICES_ATTRIBUTION
android.permission.ACCESS_ADSERVICES_TOPICS
android.permission.WAKE_LOCK
com.google.android.finsky.permission.BIND_GET_INSTALL_REFERRER_SERVICE
android.permission.FOREGROUND_SERVICE
com.mysticmobileapps.gps.location.DYNAMIC_RECEIVER_NOT_EXPORTED_PERMISSION",,
com.newreading.goodfm,com.newreading.goodfm,com.newreading.goodfm,,"android.permission.READ_EXTERNAL_STORAGE
android.permission.READ_MEDIA_IMAGES
android.permission.READ_MEDIA_VISUAL_USER_SELECTED
android.permission.INTERNET
android.permission.BLUETOOTH
android.permission.FOREGROUND_SERVICE
android.permission.FOREGROUND_SERVICE_MEDIA_PLAYBACK
android.permission.BLUETOOTH_ADVERTISE
android.permission.BLUETOOTH_CONNECT
com.google.android.gms.permission.AD_ID
android.permission.POST_NOTIFICATIONS
android.permission.ACCESS_NETWORK_STATE
android.permission.RECEIVE_BOOT_COMPLETED
android.permission.WAKE_LOCK
com.google.android.c2dm.permission.RECEIVE
android.permission.ACCESS_ADSERVICES_ATTRIBUTION
android.permission.ACCESS_ADSERVICES_AD_ID
com.android.vending.BILLING
com.google.android.finsky.permission.BIND_GET_INSTALL_REFERRER_SERVICE
android.permission.READ_MEDIA_AUDIO
android.permission.READ_MEDIA_VIDEO
com.google.android.apps.photos.permission.GOOGLE_PHOTOS
android.permission.ACCESS_WIFI_STATE
android.permission.MODIFY_AUDIO_SETTINGS
com.applovin.array.apphub.permission.BIND_APPHUB_SERVICE
android.permission.ACCESS_ADSERVICES_TOPICS
com.newreading.goodfm.DYNAMIC_RECEIVER_NOT_EXPORTED_PERMISSION",,
com.northcube.sleepcycle,com.northcube.sleepcycle,com.northcube.sleepcycle,,"android.permission.INTERNET
android.permission.WAKE_LOCK
android.permission.VIBRATE
android.permission.ACCESS_NETWORK_STATE
android.permission.ACCESS_WIFI_STATE
com.android.vending.CHECK_LICENSE
com.android.vending.BILLING
android.permission.FOREGROUND_SERVICE
android.permission.FOREGROUND_SERVICE_MICROPHONE
android.permission.FOREGROUND_SERVICE_MEDIA_PLAYBACK
android.permission.FOREGROUND_SERVICE_DATA_SYNC
android.permission.FOREGROUND_SERVICE_LOCATION
android.permission.FOREGROUND_SERVICE_SPECIAL_USE
android.permission.ACTIVITY_RECOGNITION
com.google.android.gms.permission.ACTIVITY_RECOGNITION
android.permission.HIGH_SAMPLING_RATE_SENSORS
android.permission.USE_FULL_SCREEN_INTENT
android.permission.SCHEDULE_EXACT_ALARM
android.permission.USE_EXACT_ALARM
android.permission.RECORD_AUDIO
android.permission.ACCESS_COARSE_LOCATION
com.google.android.gms.permission.AD_ID
android.permission.POST_NOTIFICATIONS
android.permission.SYSTEM_ALERT_WINDOW
android.permission.RECEIVE_BOOT_COMPLETED
com.google.android.c2dm.permission.RECEIVE
com.northcube.sleepcycle.DYNAMIC_RECEIVER_NOT_EXPORTED_PERMISSION
com.google.android.finsky.permission.BIND_GET_INSTALL_REFERRER_SERVICE
android.permission.ACCESS_ADSERVICES_ATTRIBUTION
android.permission.ACCESS_ADSERVICES_AD_ID
com.google.android.providers.gsf.permission.READ_GSERVICES",,
com.northpark.drinkwater,com.northpark.drinkwater,com.northpark.drinkwater,,"android.permission.RECEIVE_BOOT_COMPLETED
android.permission.INTERNET
android.permission.ACCESS_NETWORK_STATE
android.permission.VIBRATE
android.permission.WAKE_LOCK
android.permission.READ_EXTERNAL_STORAGE
android.permission.WRITE_EXTERNAL_STORAGE
com.android.alarm.permission.SET_ALARM
android.permission.SCHEDULE_EXACT_ALARM
android.permission.POST_NOTIFICATIONS
android.permission.GET_ACCOUNTS
com.android.vending.BILLING
com.google.android.providers.gsf.permission.READ_GSERVICES
com.google.android.c2dm.permission.RECEIVE
com.google.android.gms.permission.AD_ID
com.google.android.finsky.permission.BIND_GET_INSTALL_REFERRER_SERVICE
android.permission.ACCESS_ADSERVICES_AD_ID
android.permission.ACCESS_ADSERVICES_ATTRIBUTION
android.permission.ACCESS_ADSERVICES_TOPICS
android.permission.FOREGROUND_SERVICE
com.northpark.drinkwater.DYNAMIC_RECEIVER_NOT_EXPORTED_PERMISSION",,
com.padelem.padelem,com.padelem.padelem,com.padelem.padelem,,"android.permission.INTERNET
android.permission.FOREGROUND_SERVICE
com.google.android.gms.permission.AD_ID
android.hardware.location
android.permission.ACCESS_NETWORK_STATE
android.permission.WAKE_LOCK
android.permission.CAMERA
android.permission.ACCESS_ADSERVICES_ATTRIBUTION
android.permission.ACCESS_ADSERVICES_AD_ID
com.google.android.finsky.permission.BIND_GET_INSTALL_REFERRER_SERVICE
android.permission.ACCESS_ADSERVICES_TOPICS
com.padelem.padelem.DYNAMIC_RECEIVER_NOT_EXPORTED_PERMISSION",,
com.recreative.recreative01,com.recreative.recreative01,com.recreative.recreative01,,"android.permission.INTERNET
android.permission.POST_NOTIFICATIONS
android.permission.ACCESS_NETWORK_STATE
android.permission.WAKE_LOCK
com.google.android.c2dm.permission.RECEIVE
com.google.android.finsky.permission.BIND_GET_INSTALL_REFERRER_SERVICE
com.recreative.recreative01.DYNAMIC_RECEIVER_NOT_EXPORTED_PERMISSION",,
com.rideonewheel.onewheel,com.rideonewheel.onewheel,com.rideonewheel.onewheel,,"android.permission.BLUETOOTH
android.permission.BLUETOOTH_ADMIN
android.permission.BLUETOOTH_SCAN
android.permission.BLUETOOTH_CONNECT
android.permission.ACCESS_COARSE_LOCATION
android.permission.ACCESS_FINE_LOCATION
android.permission.ACCESS_LOCATION_EXTRA_COMMANDS
android.permission.INTERNET
android.permission.WAKE_LOCK
android.permission.ACCESS_NETWORK_STATE
android.permission.READ_EXTERNAL_STORAGE
android.permission.WRITE_EXTERNAL_STORAGE
android.permission.VIBRATE
android.permission.FOREGROUND_SERVICE
android.permission.READ_CALENDAR
android.permission.WRITE_CALENDAR
android.permission.POST_NOTIFICATIONS
com.samsung.accessory.permission.ACCESSORY_FRAMEWORK
com.samsung.android.providers.context.permission.WRITE_USE_APP_FEATURE_SURVEY
com.samsung.WATCH_APP_TYPE.Companion
com.google.android.c2dm.permission.RECEIVE
com.google.android.gms.permission.AD_ID
com.google.android.finsky.permission.BIND_GET_INSTALL_REFERRER_SERVICE
android.permission.RECEIVE_BOOT_COMPLETED
com.rideonewheel.onewheel.DYNAMIC_RECEIVER_NOT_EXPORTED_PERMISSION",,
com.shazam.android,com.shazam.android,com.shazam.android,,"android.permission.POST_NOTIFICATIONS
android.permission.RECORD_AUDIO
android.permission.ACCESS_COARSE_LOCATION
android.permission.INTERNET
android.permission.ACCESS_NETWORK_STATE
android.permission.FOREGROUND_SERVICE
android.permission.VIBRATE
android.permission.WAKE_LOCK
android.permission.RECEIVE_BOOT_COMPLETED
com.google.android.finsky.permission.BIND_GET_INSTALL_REFERRER_SERVICE
android.permission.FOREGROUND_SERVICE_MICROPHONE
com.shazam.android.permission.SHARE
android.permission.SYSTEM_ALERT_WINDOW
android.permission.SET_WALLPAPER
android.permission.FOREGROUND_SERVICE_MEDIA_PLAYBACK
com.google.android.c2dm.permission.RECEIVE
android.permission.MODIFY_AUDIO_SETTINGS",,
com.shotzoom.golfshot2,com.shotzoom.golfshot2,com.shotzoom.golfshot2,,"android.permission.BLUETOOTH
android.permission.BLUETOOTH_ADMIN
android.permission.BLUETOOTH_CONNECT
android.permission.BLUETOOTH_SCAN
android.permission.BLUETOOTH_ADVERTISE
com.samsung.accessory.permission.ACCESSORY_FRAMEWORK
com.samsung.android.providers.context.permission.WRITE_USE_APP_FEATURE_SURVEY
com.samsung.wmanager.ENABLE_NOTIFICATION
com.samsung.WATCH_APP_TYPE.Companion
android.permission.POST_NOTIFICATIONS
android.permission.FOREGROUND_SERVICE
android.permission.INTERNET
android.permission.BLUETOOTH
android.permission.BLUETOOTH_ADMIN
android.permission.ACCESS_NETWORK_STATE
android.permission.ACCESS_COARSE_LOCATION
android.permission.ACCESS_FINE_LOCATION
android.permission.VIBRATE
android.permission.READ_CONTACTS
android.permission.WAKE_LOCK
android.permission.READ_EXTERNAL_STORAGE
android.permission.WRITE_EXTERNAL_STORAGE
android.permission.READ_MEDIA_IMAGES
android.permission.ACCESS_WIFI_STATE
com.google.android.gms.permission.AD_ID
android.permission.READ_PHONE_STATE
com.google.android.providers.gsf.permission.READ_GSERVICES
com.google.android.c2dm.permission.RECEIVE
android.permission.GET_ACCOUNTS
com.shotzoom.golfshot2.permission.C2D_MESSAGE
android.permission.READ_MEDIA_VIDEO
android.permission.READ_MEDIA_AUDIO
com.google.android.finsky.permission.BIND_GET_INSTALL_REFERRER_SERVICE
android.permission.RECEIVE_BOOT_COMPLETED
com.android.vending.BILLING",,
com.skimble.workouts,com.skimble.workouts,com.skimble.workouts,,"android.permission.INTERNET
android.permission.RECEIVE_BOOT_COMPLETED
android.permission.VIBRATE
android.permission.WAKE_LOCK
android.permission.ACCESS_NETWORK_STATE
android.permission.FOREGROUND_SERVICE
com.google.android.c2dm.permission.RECEIVE
android.permission.ACCESS_FINE_LOCATION
android.permission.READ_EXTERNAL_STORAGE
android.permission.WRITE_EXTERNAL_STORAGE
android.permission.CAMERA
android.permission.READ_MEDIA_IMAGES
android.permission.READ_MEDIA_VIDEO
android.permission.SYSTEM_ALERT_WINDOW
android.permission.FOREGROUND_SERVICE_MEDIA_PLAYBACK
android.permission.FOREGROUND_SERVICE_DATA_SYNC
com.android.launcher.permission.INSTALL_SHORTCUT
com.google.android.gms.permission.AD_ID
android.permission.POST_NOTIFICATIONS
android.permission.BLUETOOTH
android.permission.BLUETOOTH_ADMIN
android.permission.BLUETOOTH_SCAN
android.permission.BLUETOOTH_CONNECT
com.samsung.accessory.permission.ACCESSORY_FRAMEWORK
com.samsung.android.providers.context.permission.WRITE_USE_APP_FEATURE_SURVEY
com.samsung.WATCH_APP_TYPE.Companion
com.samsung.wmanager.ENABLE_NOTIFICATION
com.samsung.android.iap.permission.BILLING
android.permission.READ_PHONE_STATE
com.android.vending.BILLING
android.permission.ACCESS_ADSERVICES_AD_ID
android.permission.ACCESS_ADSERVICES_ATTRIBUTION
android.permission.ACCESS_ADSERVICES_TOPICS
com.google.android.finsky.permission.BIND_GET_INSTALL_REFERRER_SERVICE
com.skimble.workouts.DYNAMIC_RECEIVER_NOT_EXPORTED_PERMISSION
com.sec.android.provider.badge.permission.READ
com.sec.android.provider.badge.permission.WRITE
com.htc.launcher.permission.READ_SETTINGS
com.htc.launcher.permission.UPDATE_SHORTCUT
com.sonyericsson.home.permission.BROADCAST_BADGE
com.sonymobile.home.permission.PROVIDER_INSERT_BADGE
com.anddoes.launcher.permission.UPDATE_COUNT
com.majeur.launcher.permission.UPDATE_BADGE
com.huawei.android.launcher.permission.CHANGE_BADGE
com.huawei.android.launcher.permission.READ_SETTINGS
com.huawei.android.launcher.permission.WRITE_SETTINGS
android.permission.READ_APP_BADGE
com.oppo.launcher.permission.READ_SETTINGS
com.oppo.launcher.permission.WRITE_SETTINGS",,
com.soundcloud.android,com.soundcloud.android,com.soundcloud.android,,"android.permission.FOREGROUND_SERVICE
android.permission.FOREGROUND_SERVICE_MEDIA_PLAYBACK
android.permission.WAKE_LOCK
android.permission.INTERNET
android.permission.ACCESS_WIFI_STATE
android.permission.ACCESS_NETWORK_STATE
android.permission.READ_PHONE_STATE
android.permission.GET_ACCOUNTS
android.permission.USE_CREDENTIALS
android.permission.READ_SYNC_SETTINGS
android.permission.WRITE_SYNC_SETTINGS
android.permission.DETECT_SCREEN_CAPTURE
android.permission.FOREGROUND_SERVICE_DATA_SYNC
android.permission.POST_NOTIFICATIONS
com.google.android.gms.permission.AD_ID
android.permission.VIBRATE
com.google.android.c2dm.permission.RECEIVE
com.android.vending.BILLING
com.soundcloud.android.DYNAMIC_RECEIVER_NOT_EXPORTED_PERMISSION
com.google.android.finsky.permission.BIND_GET_INSTALL_REFERRER_SERVICE
android.permission.ACCESS_ADSERVICES_AD_ID
android.permission.ACCESS_ADSERVICES_ATTRIBUTION
android.permission.ACCESS_ADSERVICES_TOPICS
com.samsung.android.mapsagent.permission.READ_APP_INFO
com.huawei.appmarket.service.commondata.permission.GET_COMMON_DATA
android.permission.FOREGROUND_SERVICE_MEDIA_PROJECTION",,
com.spotify.music,com.spotify.music,com.spotify.music,,"android.permission.READ_PHONE_STATE
android.permission.BLUETOOTH
android.permission.BLUETOOTH_ADMIN
com.spotify.music.DYNAMIC_RECEIVER_NOT_EXPORTED_PERMISSION
android.permission.ACCESS_NETWORK_STATE
com.android.providers.tv.permission.WRITE_EPG_DATA
com.android.providers.tv.permission.READ_EPG_DATA
android.permission.WAKE_LOCK
android.permission.RECEIVE_BOOT_COMPLETED
android.permission.FOREGROUND_SERVICE
com.android.vending.BILLING
com.google.android.finsky.permission.BIND_GET_INSTALL_REFERRER_SERVICE
com.google.android.gms.permission.AD_ID
android.permission.INTERNET
com.google.android.c2dm.permission.RECEIVE
android.permission.ACCESS_ADSERVICES_ATTRIBUTION
android.permission.ACCESS_ADSERVICES_AD_ID
com.google.android.providers.gsf.permission.READ_GSERVICES
android.permission.POST_NOTIFICATIONS
android.permission.WRITE_EXTERNAL_STORAGE
android.permission.READ_EXTERNAL_STORAGE
android.permission.BLUETOOTH_CONNECT
android.permission.VIBRATE
android.permission.ACCESS_WIFI_STATE
android.permission.BROADCAST_STICKY
android.permission.MODIFY_AUDIO_SETTINGS
android.permission.NFC
android.permission.READ_MEDIA_AUDIO
android.permission.READ_MEDIA_IMAGES
android.permission.CHANGE_WIFI_MULTICAST_STATE
com.spotify.music.permission.C2D_MESSAGE
com.spotify.music.permission.INTERNAL_BROADCAST
android.permission.BLUETOOTH_SCAN
android.permission.RECORD_AUDIO
com.spotify.music.permission.SECURED_BROADCAST
android.permission.USE_CREDENTIALS
android.permission.GET_ACCOUNTS
com.sony.snei.np.android.account.provider.permission.DUID_READ_PROVIDER
com.android.launcher.permission.INSTALL_SHORTCUT
com.samsung.WATCH_APP_TYPE.Companion
android.permission.FOREGROUND_SERVICE_MEDIA_PLAYBACK
android.permission.FOREGROUND_SERVICE_DATA_SYNC
android.permission.BLUETOOTH_ADVERTISE
android.permission.FOREGROUND_SERVICE_CONNECTED_DEVICE
com.google.android.apps.meetings.permission.MEET_LIVE_SHARING
com.sec.android.app.clockpackage.permission.READ_ALARM
com.samsung.android.samsungaccount.permission.ACCOUNT_MANAGER
android.permission.DETECT_SCREEN_CAPTURE",,
com.todoist,com.todoist,com.todoist,,"android.permission.ACCESS_FINE_LOCATION
android.permission.ACCESS_COARSE_LOCATION
android.permission.ACCESS_BACKGROUND_LOCATION
android.permission.POST_NOTIFICATIONS
android.permission.SCHEDULE_EXACT_ALARM
android.permission.ACCESS_NETWORK_STATE
android.permission.FOREGROUND_SERVICE
android.permission.INTERNET
android.permission.RECORD_AUDIO
android.permission.VIBRATE
android.permission.WAKE_LOCK
com.android.vending.BILLING
android.permission.RECEIVE_BOOT_COMPLETED
com.todoist.DYNAMIC_RECEIVER_NOT_EXPORTED_PERMISSION
com.google.android.c2dm.permission.RECEIVE
com.google.android.providers.gsf.permission.READ_GSERVICES
android.permission.ACCESS_ADSERVICES_ATTRIBUTION
android.permission.ACCESS_ADSERVICES_AD_ID
com.google.android.finsky.permission.BIND_GET_INSTALL_REFERRER_SERVICE",,
com.vpar.android,com.vpar.android,com.vpar.android,,"com.vpar.android.permission.C2D_MESSAGE
android.permission.ACCESS_NETWORK_STATE
android.permission.INTERNET
android.permission.READ_PHONE_STATE
android.permission.POST_NOTIFICATIONS
android.permission.WAKE_LOCK
android.permission.READ_CONTACTS
android.permission.ACCESS_COARSE_LOCATION
android.permission.ACCESS_FINE_LOCATION
android.permission.FOREGROUND_SERVICE_LOCATION
android.permission.WRITE_EXTERNAL_STORAGE
android.permission.CAMERA
com.google.android.providers.gsf.permission.READ_GSERVICES
android.permission.FOREGROUND_SERVICE
android.permission.RECEIVE_BOOT_COMPLETED
android.permission.ACCESS_WIFI_STATE
com.google.android.c2dm.permission.RECEIVE
com.google.android.gms.permission.AD_ID
com.google.android.finsky.permission.BIND_GET_INSTALL_REFERRER_SERVICE
android.permission.ACCESS_ADSERVICES_ATTRIBUTION
android.permission.ACCESS_ADSERVICES_AD_ID
android.permission.ACCESS_ADSERVICES_TOPICS
android.permission.REORDER_TASKS
com.android.vending.BILLING
com.vpar.android.DYNAMIC_RECEIVER_NOT_EXPORTED_PERMISSION",,
com.watchfacedesigns.Vanish,com.watchfacedesigns.Vanish,com.watchfacedesigns.Vanish,,"android.permission.INTERNET
android.permission.ACCESS_NETWORK_STATE
android.permission.WAKE_LOCK
com.google.android.c2dm.permission.RECEIVE
android.permission.POST_NOTIFICATIONS
android.permission.VIBRATE
com.watchfacedesigns.Vanish.DYNAMIC_RECEIVER_NOT_EXPORTED_PERMISSION",,
com.watchfacestudio.minimalblack1,com.watchfacestudio.minimalblack1,com.watchfacestudio.minimalblack1,,No Permission,,
com.wikiloc.wikilocandroid,com.wikiloc.wikilocandroid,com.wikiloc.wikilocandroid,,"android.permission.ACCESS_COARSE_LOCATION
android.permission.ACCESS_FINE_LOCATION
android.permission.ACCESS_MEDIA_LOCATION
android.permission.ACCESS_NETWORK_STATE
android.permission.ACCESS_WIFI_STATE
android.permission.CAMERA
android.permission.FOREGROUND_SERVICE
android.permission.INTERNET
android.permission.VIBRATE
android.permission.WAKE_LOCK
android.permission.READ_EXTERNAL_STORAGE
android.permission.WRITE_EXTERNAL_STORAGE
com.android.vending.BILLING
com.google.android.gms.permission.AD_ID
com.huawei.permission.external_app_settings.USE_COMPONENT
android.permission.POST_NOTIFICATIONS
com.google.android.c2dm.permission.RECEIVE
com.google.android.finsky.permission.BIND_GET_INSTALL_REFERRER_SERVICE
android.permission.RECEIVE_BOOT_COMPLETED
com.wikiloc.wikilocandroid.DYNAMIC_RECEIVER_NOT_EXPORTED_PERMISSION",,
com.windyty.android,com.windyty.android,com.windyty.android,,"android.permission.INTERNET
android.permission.ACCESS_FINE_LOCATION
android.permission.ACCESS_COARSE_LOCATION
android.permission.FOREGROUND_SERVICE
android.permission.FOREGROUND_SERVICE_LOCATION
android.permission.POST_NOTIFICATIONS
android.permission.USE_CREDENTIALS
android.permission.SCHEDULE_EXACT_ALARM
android.permission.ACCESS_NETWORK_STATE
android.permission.RECEIVE_BOOT_COMPLETED
android.permission.ACCESS_BACKGROUND_LOCATION
android.permission.VIBRATE
android.permission.WAKE_LOCK
com.google.android.gms.permission.AD_ID
com.windyty.android.DYNAMIC_RECEIVER_NOT_EXPORTED_PERMISSION
com.android.vending.BILLING
com.google.android.c2dm.permission.RECEIVE
android.permission.ACCESS_WIFI_STATE
android.permission.CHANGE_WIFI_STATE
android.permission.ACCESS_ADSERVICES_ATTRIBUTION
com.huawei.appmarket.service.commondata.permission.GET_COMMON_DATA
com.google.android.finsky.permission.BIND_GET_INSTALL_REFERRER_SERVICE
com.huawei.permission.ACCESS_HW_KEYSTORE",,
de.komoot.android,de.komoot.android,de.komoot.android,,"android.permission.INTERNET
android.permission.ACCESS_NETWORK_STATE
android.permission.WRITE_EXTERNAL_STORAGE
android.permission.GET_ACCOUNTS
android.permission.WAKE_LOCK
android.permission.GET_PACKAGE_SIZE
android.permission.RECEIVE_BOOT_COMPLETED
android.permission.USE_CREDENTIALS
android.permission.AUTHENTICATE_ACCOUNTS
android.permission.MANAGE_ACCOUNTS
android.permission.ACCESS_WIFI_STATE
android.permission.REQUEST_INSTALL_PACKAGES
android.permission.REQUEST_DELETE_PACKAGES
android.permission.MANAGE_EXTERNAL_STORAGE
android.permission.QUERY_ALL_PACKAGES
android.permission.UPDATE_PACKAGES_WITHOUT_USER_ACTION
android.permission.POST_NOTIFICATIONS
android.permission.ENFORCE_UPDATE_OWNERSHIP
android.permission.INSTALL_PACKAGES
android.permission.DELETE_PACKAGES
android.permission.ACCESS_SUPERUSER
android.permission.RECORD_AUDIO
com.google.android.c2dm.permission.RECEIVE
com.google.android.gms.permission.AD_ID
android.permission.ACCESS_ADSERVICES_ATTRIBUTION
android.permission.ACCESS_ADSERVICES_AD_ID
com.google.android.finsky.permission.BIND_GET_INSTALL_REFERRER_SERVICE
android.permission.FOREGROUND_SERVICE
com.uptodown.DYNAMIC_RECEIVER_NOT_EXPORTED_PERMISSION",,
de.michelinside.glucodatahandler,de.michelinside.glucodatahandler,de.michelinside.glucodatahandler,,"android.permission.FOREGROUND_SERVICE
android.permission.POST_NOTIFICATIONS
android.permission.SET_WALLPAPER
android.permission.WAKE_LOCK
android.permission.VIBRATE
android.permission.SCHEDULE_EXACT_ALARM
android.permission.SYSTEM_ALERT_WINDOW
android.permission.ACTION_MANAGE_OVERLAY_PERMISSION
android.permission.INTERNET
android.permission.ACCESS_NETWORK_STATE
android.permission.RECEIVE_BOOT_COMPLETED
android.permission.FOREGROUND_SERVICE_DATA_SYNC
de.michelinside.glucodatahandler.DYNAMIC_RECEIVER_NOT_EXPORTED_PERMISSION",,
grit.storytel.app,grit.storytel.app,grit.storytel.app,,"android.permission.ACCESS_NETWORK_STATE
android.permission.FOREGROUND_SERVICE
android.permission.INTERNET
android.permission.POST_NOTIFICATIONS
android.permission.RECEIVE_BOOT_COMPLETED
android.permission.WAKE_LOCK
com.android.vending.BILLING
com.google.android.c2dm.permission.RECEIVE
com.google.android.gms.permission.AD_ID
android.permission.FOREGROUND_SERVICE_DATA_SYNC
android.permission.FOREGROUND_SERVICE_MEDIA_PLAYBACK
android.permission.USE_BIOMETRIC
android.permission.USE_FINGERPRINT
com.google.android.finsky.permission.BIND_GET_INSTALL_REFERRER_SERVICE
grit.storytel.app.DYNAMIC_RECEIVER_NOT_EXPORTED_PERMISSION
android.permission.ACCESS_ADSERVICES_ATTRIBUTION
android.permission.ACCESS_ADSERVICES_AD_ID
com.google.android.providers.gsf.permission.READ_GSERVICES
android.permission.WRITE_EXTERNAL_STORAGE
android.permission.READ_PHONE_STATE
android.permission.READ_EXTERNAL_STORAGE",,
me.twentyfour.www,me.twentyfour.www,me.twentyfour.www,,"android.permission.READ_CONTACTS
android.permission.WRITE_CALENDAR
android.permission.READ_CALENDAR
android.permission.READ_SYNC_SETTINGS
android.permission.READ_SYNC_STATS
android.permission.RECEIVE_BOOT_COMPLETED
android.permission.INTERNET
android.permission.ACCESS_NETWORK_STATE
android.permission.READ_EXTERNAL_STORAGE
android.permission.WRITE_EXTERNAL_STORAGE
android.permission.USE_EXACT_ALARM
android.permission.FOREGROUND_SERVICE
android.permission.VIBRATE
android.permission.SCHEDULE_EXACT_ALARM
android.permission.ACCESS_COARSE_LOCATION
android.permission.ACCESS_FINE_LOCATION
android.permission.ACCESS_WIFI_STATE
android.permission.POST_NOTIFICATIONS
com.android.vending.BILLING
android.permission.WAKE_LOCK
com.google.android.c2dm.permission.RECEIVE
android.permission.USE_FINGERPRINT
com.google.android.providers.gsf.permission.READ_GSERVICES
com.google.android.finsky.permission.BIND_GET_INSTALL_REFERRER_SERVICE
android.permission.REORDER_TASKS
me.twentyfour.www.DYNAMIC_RECEIVER_NOT_EXPORTED_PERMISSION
com.sec.android.provider.badge.permission.READ
com.sec.android.provider.badge.permission.WRITE
com.htc.launcher.permission.READ_SETTINGS
com.htc.launcher.permission.UPDATE_SHORTCUT
com.sonyericsson.home.permission.BROADCAST_BADGE
com.sonymobile.home.permission.PROVIDER_INSERT_BADGE
com.anddoes.launcher.permission.UPDATE_COUNT
com.majeur.launcher.permission.UPDATE_BADGE
com.huawei.android.launcher.permission.CHANGE_BADGE
com.huawei.android.launcher.permission.READ_SETTINGS
com.huawei.android.launcher.permission.WRITE_SETTINGS
android.permission.READ_APP_BADGE
com.oppo.launcher.permission.READ_SETTINGS
com.oppo.launcher.permission.WRITE_SETTINGS
me.everything.badger.permission.BADGE_COUNT_READ
me.everything.badger.permission.BADGE_COUNT_WRITE",,
nl.slisky.stopwatch,nl.slisky.stopwatch,nl.slisky.stopwatch,,"android.permission.WRITE_EXTERNAL_STORAGE
android.permission.WAKE_LOCK
android.permission.FOREGROUND_SERVICE
android.permission.FOREGROUND_SERVICE_SPECIAL_USE
android.permission.POST_NOTIFICATIONS
android.permission.WAKE_LOCK
android.permission.VIBRATE
nl.slisky.stopwatch.DYNAMIC_RECEIVER_NOT_EXPORTED_PERMISSION",,
qubin.de.wearmedia,qubin.de.wearmedia,qubin.de.wearmedia,,"android.permission.READ_EXTERNAL_STORAGE
android.permission.READ_MEDIA_AUDIO
android.permission.READ_MEDIA_IMAGES
android.permission.READ_MEDIA_VIDEO
android.permission.WRITE_EXTERNAL_STORAGE
android.permission.ACCESS_NETWORK_STATE
android.permission.INTERNET
android.permission.WAKE_LOCK
com.google.android.permission.PROVIDE_BACKGROUND
android.permission.BLUETOOTH
com.android.vending.BILLING
android.permission.VIBRATE
android.permission.FOREGROUND_SERVICE
com.google.android.gms.permission.AD_ID
com.google.android.finsky.permission.BIND_GET_INSTALL_REFERRER_SERVICE
qubin.de.wearmedia.DYNAMIC_RECEIVER_NOT_EXPORTED_PERMISSION",,
se.perigee.android.seven,se.perigee.android.seven,se.perigee.android.seven,,"android.permission.ACCESS_NETWORK_STATE
android.permission.INTERNET
android.permission.VIBRATE
com.android.vending.BILLING
android.permission.WAKE_LOCK
android.permission.RECEIVE_BOOT_COMPLETED
android.permission.READ_CONTACTS
com.google.android.c2dm.permission.RECEIVE
com.google.android.finsky.permission.BIND_GET_INSTALL_REFERRER_SERVICE",,
secureauth.android.token,secureauth.android.token,secureauth.android.token,,"android.permission.USE_BIOMETRIC
android.permission.CAMERA
android.permission.POST_NOTIFICATIONS
android.permission.WAKE_LOCK
android.permission.ACCESS_NETWORK_STATE
com.google.android.c2dm.permission.RECEIVE
android.permission.USE_FINGERPRINT
android.permission.INTERNET
com.google.android.gms.permission.AD_ID
com.google.android.finsky.permission.BIND_GET_INSTALL_REFERRER_SERVICE
secureauth.android.token.DYNAMIC_RECEIVER_NOT_EXPORTED_PERMISSION",,
time.flies.nebula,time.flies.nebula,time.flies.nebula,,time.flies.nebula.DYNAMIC_RECEIVER_NOT_EXPORTED_PERMISSION,,
todolist.scheduleplanner.dailyplanner.todo.reminders,todolist.scheduleplanner.dailyplanner.todo.reminders,todolist.scheduleplanner.dailyplanner.todo.reminders,,"android.permission.ACCESS_NETWORK_STATE
android.permission.SET_ALARM
android.permission.READ_EXTERNAL_STORAGE
android.permission.USE_FINGERPRINT
android.permission.FOREGROUND_SERVICE
android.permission.VIBRATE
android.permission.RECEIVE_BOOT_COMPLETED
android.permission.INTERNET
android.permission.ACCESS_NETWORK_STATE
android.permission.ACCESS_WIFI_STATE
android.permission.WAKE_LOCK
android.permission.WRITE_CALENDAR
android.permission.WRITE_EXTERNAL_STORAGE
com.android.vending.BILLING
android.permission.RECORD_AUDIO
android.permission.READ_MEDIA_IMAGES
android.permission.READ_MEDIA_VIDEO
android.permission.READ_MEDIA_AUDIO
android.permission.READ_MEDIA_VISUAL_USER_SELECTED
android.permission.POST_NOTIFICATIONS
android.permission.AUTHENTICATE_ACCOUNTS
android.permission.READ_SYNC_SETTINGS
android.permission.WRITE_SYNC_SETTINGS
android.permission.VIBRATE
android.permission.ACCESS_NOTIFICATION_POLICY
android.permission.SYSTEM_ALERT_WINDOW
android.permission.REQUEST_IGNORE_BATTERY_OPTIMIZATIONS
com.huawei.android.launcher.permission.CHANGE_BADGE
android.permission.WAKE_LOCK
android.permission.USE_FULL_SCREEN_INTENT
android.permission.DISABLE_KEYGUARD
android.permission.KILL_BACKGROUND_PROCESSES
android.permission.SYSTEM_ALERT_WINDOW
android.permission.READ_CALENDAR
android.permission.WRITE_CALENDAR
android.permission.USE_EXACT_ALARM
android.permission.SCHEDULE_EXACT_ALARM
android.permission.FOREGROUND_SERVICE
android.permission.FOREGROUND_SERVICE_DATA_SYNC
com.google.android.gms.permission.AD_ID
com.google.android.c2dm.permission.RECEIVE
com.google.android.finsky.permission.BIND_GET_INSTALL_REFERRER_SERVICE
android.permission.ACCESS_ADSERVICES_AD_ID
android.permission.ACCESS_ADSERVICES_ATTRIBUTION
android.permission.ACCESS_ADSERVICES_TOPICS
todolist.scheduleplanner.dailyplanner.todo.reminders.DYNAMIC_RECEIVER_NOT_EXPORTED_PERMISSION",,
walking.tracker.app.pedometer,walking.tracker.app.pedometer,walking.tracker.app.pedometer,,"android.permission.ACTIVITY_RECOGNITION
android.permission.INTERNET
android.permission.VIBRATE
android.permission.FOREGROUND_SERVICE
android.permission.WAKE_LOCK
android.permission.RECEIVE_BOOT_COMPLETED
android.permission.ACCESS_NETWORK_STATE
com.google.android.finsky.permission.BIND_GET_INSTALL_REFERRER_SERVICE
com.android.vending.BILLING
android.permission.POST_NOTIFICATIONS
com.google.android.c2dm.permission.RECEIVE
android.permission.ACCESS_ADSERVICES_ATTRIBUTION
android.permission.ACCESS_ADSERVICES_AD_ID
android.permission.ACCESS_ADSERVICES_TOPICS
com.google.android.providers.gsf.permission.READ_GSERVICES
walking.tracker.app.pedometer.DYNAMIC_RECEIVER_NOT_EXPORTED_PERMISSION
android.permission.WRITE_EXTERNAL_STORAGE
android.permission.READ_EXTERNAL_STORAGE",,
xyz.klinker.messenger,xyz.klinker.messenger,xyz.klinker.messenger,,"android.permission.SEND_SMS
android.permission.READ_SMS
android.permission.WRITE_SMS
android.permission.RECEIVE_SMS
android.permission.RECEIVE_MMS
android.permission.READ_CONTACTS
android.permission.READ_PROFILE
android.permission.READ_PHONE_STATE
android.provider.Telephony.SMS_RECEIVED
android.permission.WAKE_LOCK
android.permission.INTERNET
android.permission.CHANGE_NETWORK_STATE
android.permission.ACCESS_NETWORK_STATE
android.permission.CAMERA
android.permission.READ_EXTERNAL_STORAGE
android.permission.WRITE_EXTERNAL_STORAGE
android.permission.RECORD_AUDIO
android.permission.RECEIVE_BOOT_COMPLETED
android.permission.ACCESS_COARSE_LOCATION
android.permission.ACCESS_FINE_LOCATION
android.permission.SYSTEM_ALERT_WINDOW
android.permission.CALL_PHONE
com.google.android.c2dm.permission.RECEIVE
com.google.android.providers.gsf.permission.READ_GSERVICES
android.permission.USE_FINGERPRINT
android.permission.FOREGROUND_SERVICE
android.permission.READ_MEDIA_IMAGES
android.permission.READ_MEDIA_VIDEO
android.permission.FOREGROUND_SERVICE_DATA_SYNC
android.permission.SCHEDULE_EXACT_ALARM
android.permission.WRITE_SETTINGS
com.android.launcher.permission.INSTALL_SHORTCUT
android.permission.POST_NOTIFICATIONS
android.permission.ACCESS_WIFI_STATE
android.permission.ACCESS_ADSERVICES_ATTRIBUTION
com.google.android.gms.permission.AD_ID
com.huawei.appmarket.service.commondata.permission.GET_COMMON_DATA
android.permission.ACCESS_ADSERVICES_TOPICS
android.permission.ACCESS_ADSERVICES_AD_ID
android.permission.USE_BIOMETRIC
com.android.vending.BILLING
com.applovin.array.apphub.permission.BIND_APPHUB_SERVICE
com.google.android.finsky.permission.BIND_GET_INSTALL_REFERRER_SERVICE
xyz.klinker.messenger.DYNAMIC_RECEIVER_NOT_EXPORTED_PERMISSION
com.sec.android.provider.badge.permission.READ
com.sec.android.provider.badge.permission.WRITE
com.htc.launcher.permission.READ_SETTINGS
com.htc.launcher.permission.UPDATE_SHORTCUT
com.sonyericsson.home.permission.BROADCAST_BADGE
com.sonymobile.home.permission.PROVIDER_INSERT_BADGE
com.anddoes.launcher.permission.UPDATE_COUNT
com.majeur.launcher.permission.UPDATE_BADGE
com.huawei.android.launcher.permission.CHANGE_BADGE
com.huawei.android.launcher.permission.READ_SETTINGS
com.huawei.android.launcher.permission.WRITE_SETTINGS
android.permission.READ_APP_BADGE
com.oppo.launcher.permission.READ_SETTINGS
com.oppo.launcher.permission.WRITE_SETTINGS
me.everything.badger.permission.BADGE_COUNT_READ
me.everything.badger.permission.BADGE_COUNT_WRITE",,
